code,event_id,family,primary_particle,ta_deposit_keV
FLUKA,31,mono511_gamma,gamma,214.298337
FLUKA,113,mono511_gamma,gamma,49.6494908
FLUKA,146,mono511_gamma,gamma,317.467373
FLUKA,171,mono511_gamma,gamma,87.0739248
FLUKA,175,mono511_gamma,gamma,94.4582663
FLUKA,255,mono511_gamma,gamma,511.0
FLUKA,425,mono511_gamma,gamma,152.516056
FLUKA,437,mono511_gamma,gamma,116.611329
FLUKA,475,mono511_gamma,gamma,189.592754
FLUKA,481,mono511_gamma,gamma,245.253341
FLUKA,482,mono511_gamma,gamma,66.2037671
FLUKA,483,mono511_gamma,gamma,90.3173651
FLUKA,496,mono511_gamma,gamma,276.258656
FLUKA,504,mono511_gamma,gamma,20.9138899
FLUKA,507,mono511_gamma,gamma,488.468222
FLUKA,521,mono511_gamma,gamma,293.771869
FLUKA,559,mono511_gamma,gamma,195.919318
FLUKA,574,mono511_gamma,gamma,302.858813
FLUKA,636,mono511_gamma,gamma,80.5240631
FLUKA,660,mono511_gamma,gamma,240.820203
FLUKA,677,mono511_gamma,gamma,408.231363
FLUKA,683,mono511_gamma,gamma,171.272658
FLUKA,740,mono511_gamma,gamma,511.0
FLUKA,762,mono511_gamma,gamma,38.8084049
FLUKA,793,mono511_gamma,gamma,276.879603
FLUKA,802,mono511_gamma,gamma,511.0
FLUKA,843,mono511_gamma,gamma,128.558136
FLUKA,887,mono511_gamma,gamma,230.752126
FLUKA,955,mono511_gamma,gamma,484.978464
FLUKA,1024,mono511_gamma,gamma,144.756651
FLUKA,1047,mono511_gamma,gamma,162.947737
FLUKA,1064,mono511_gamma,gamma,511.0
FLUKA,1229,mono511_gamma,gamma,239.06474
FLUKA,1246,mono511_gamma,gamma,254.717642
FLUKA,1266,mono511_gamma,gamma,135.585474
FLUKA,1273,mono511_gamma,gamma,354.333193
FLUKA,1317,mono511_gamma,gamma,511.0
FLUKA,1325,mono511_gamma,gamma,511.0
FLUKA,1352,mono511_gamma,gamma,160.045866
FLUKA,1395,mono511_gamma,gamma,326.05517
FLUKA,1427,mono511_gamma,gamma,410.65097
FLUKA,1465,mono511_gamma,gamma,511.0
FLUKA,1470,mono511_gamma,gamma,19.9141805
FLUKA,1484,mono511_gamma,gamma,91.7007875
FLUKA,1487,mono511_gamma,gamma,157.683302
FLUKA,1503,mono511_gamma,gamma,231.306934
FLUKA,1636,mono511_gamma,gamma,511.0
FLUKA,1660,mono511_gamma,gamma,111.391096
FLUKA,1702,mono511_gamma,gamma,228.72893
FLUKA,1760,mono511_gamma,gamma,240.236144
FLUKA,1771,mono511_gamma,gamma,187.453963
FLUKA,1829,mono511_gamma,gamma,125.192049
FLUKA,1948,mono511_gamma,gamma,282.222808
FLUKA,2008,mono511_gamma,gamma,511.0
FLUKA,2047,mono511_gamma,gamma,54.3546655
FLUKA,2068,mono511_gamma,gamma,246.305042
FLUKA,2098,mono511_gamma,gamma,511.0
FLUKA,2121,mono511_gamma,gamma,382.820788
FLUKA,2171,mono511_gamma,gamma,176.176429
FLUKA,2269,mono511_gamma,gamma,454.598
FLUKA,2421,mono511_gamma,gamma,360.227216
FLUKA,2441,mono511_gamma,gamma,215.495971
FLUKA,2452,mono511_gamma,gamma,174.269745
FLUKA,2456,mono511_gamma,gamma,293.225648
FLUKA,2489,mono511_gamma,gamma,366.479473
FLUKA,2492,mono511_gamma,gamma,191.962433
FLUKA,2530,mono511_gamma,gamma,12.908252
FLUKA,2532,mono511_gamma,gamma,216.266766
FLUKA,2557,mono511_gamma,gamma,301.884037
FLUKA,2636,mono511_gamma,gamma,374.871088
FLUKA,2653,mono511_gamma,gamma,243.00451
FLUKA,2725,mono511_gamma,gamma,245.128844
FLUKA,2813,mono511_gamma,gamma,511.0
FLUKA,2821,mono511_gamma,gamma,511.0
FLUKA,2843,mono511_gamma,gamma,283.934034
FLUKA,2851,mono511_gamma,gamma,455.764067
FLUKA,2861,mono511_gamma,gamma,242.455332
FLUKA,2869,mono511_gamma,gamma,243.115974
FLUKA,2874,mono511_gamma,gamma,42.7407728
FLUKA,2901,mono511_gamma,gamma,237.311638
FLUKA,2926,mono511_gamma,gamma,170.13336
FLUKA,2979,mono511_gamma,gamma,126.053156
FLUKA,3016,mono511_gamma,gamma,511.0
FLUKA,3017,mono511_gamma,gamma,511.0
FLUKA,3019,mono511_gamma,gamma,19.9393417
FLUKA,3045,mono511_gamma,gamma,92.7391838
FLUKA,3046,mono511_gamma,gamma,511.0
FLUKA,3077,mono511_gamma,gamma,204.621419
FLUKA,3097,mono511_gamma,gamma,422.638267
FLUKA,3152,mono511_gamma,gamma,281.500472
FLUKA,3175,mono511_gamma,gamma,459.62536
FLUKA,3220,mono511_gamma,gamma,511.0
FLUKA,3276,mono511_gamma,gamma,511.0
FLUKA,3323,mono511_gamma,gamma,454.598
FLUKA,3346,mono511_gamma,gamma,511.0
FLUKA,3397,mono511_gamma,gamma,511.0
FLUKA,3436,mono511_gamma,gamma,100.431414
FLUKA,3448,mono511_gamma,gamma,227.346434
FLUKA,3458,mono511_gamma,gamma,292.757581
FLUKA,3550,mono511_gamma,gamma,181.525519
FLUKA,3595,mono511_gamma,gamma,308.768434
FLUKA,3609,mono511_gamma,gamma,443.47689
FLUKA,3614,mono511_gamma,gamma,17.2535978
FLUKA,3616,mono511_gamma,gamma,248.459615
FLUKA,3694,mono511_gamma,gamma,300.536765
FLUKA,3730,mono511_gamma,gamma,511.0
FLUKA,3749,mono511_gamma,gamma,114.954334
FLUKA,3762,mono511_gamma,gamma,264.048629
FLUKA,3771,mono511_gamma,gamma,262.588485
FLUKA,3829,mono511_gamma,gamma,231.715943
FLUKA,3873,mono511_gamma,gamma,153.38894
FLUKA,3964,mono511_gamma,gamma,256.239665
FLUKA,3977,mono511_gamma,gamma,155.837115
FLUKA,4132,mono511_gamma,gamma,182.247445
FLUKA,4178,mono511_gamma,gamma,155.552524
FLUKA,4218,mono511_gamma,gamma,511.0
FLUKA,4226,mono511_gamma,gamma,511.0
FLUKA,4264,mono511_gamma,gamma,347.249319
FLUKA,4280,mono511_gamma,gamma,511.0
FLUKA,4304,mono511_gamma,gamma,511.0
FLUKA,4327,mono511_gamma,gamma,162.369878
FLUKA,4342,mono511_gamma,gamma,227.565375
FLUKA,4343,mono511_gamma,gamma,276.247151
FLUKA,4414,mono511_gamma,gamma,293.139501
FLUKA,4464,mono511_gamma,gamma,13.0708159
FLUKA,4589,mono511_gamma,gamma,52.7711912
FLUKA,4606,mono511_gamma,gamma,462.113665
FLUKA,4669,mono511_gamma,gamma,172.025245
FLUKA,4725,mono511_gamma,gamma,226.404557
FLUKA,4879,mono511_gamma,gamma,392.517164
FLUKA,4996,mono511_gamma,gamma,140.624567
FLUKA,5029,mono511_gamma,gamma,69.6791354
FLUKA,5146,mono511_gamma,gamma,215.130453
FLUKA,5174,mono511_gamma,gamma,217.609854
FLUKA,5190,mono511_gamma,gamma,212.639279
FLUKA,5212,mono511_gamma,gamma,511.0
FLUKA,5361,mono511_gamma,gamma,21.1016049
FLUKA,5391,mono511_gamma,gamma,13.6185731
FLUKA,5420,mono511_gamma,gamma,511.0
FLUKA,5484,mono511_gamma,gamma,241.759749
FLUKA,5498,mono511_gamma,gamma,511.0
FLUKA,5530,mono511_gamma,gamma,187.056586
FLUKA,5608,mono511_gamma,gamma,511.0
FLUKA,5623,mono511_gamma,gamma,98.660663
FLUKA,5644,mono511_gamma,gamma,37.9766346
FLUKA,5678,mono511_gamma,gamma,277.32594
FLUKA,5719,mono511_gamma,gamma,345.829214
FLUKA,5754,mono511_gamma,gamma,219.816951
FLUKA,5767,mono511_gamma,gamma,181.93794
FLUKA,5888,mono511_gamma,gamma,53.4813842
FLUKA,5911,mono511_gamma,gamma,78.4209575
FLUKA,5939,mono511_gamma,gamma,511.0
FLUKA,6030,mono511_gamma,gamma,282.416026
FLUKA,6047,mono511_gamma,gamma,48.4432707
FLUKA,6077,mono511_gamma,gamma,352.865755
FLUKA,6151,mono511_gamma,gamma,192.888471
FLUKA,6170,mono511_gamma,gamma,46.0659036
FLUKA,6188,mono511_gamma,gamma,34.9081356
FLUKA,6190,mono511_gamma,gamma,300.645145
FLUKA,6194,mono511_gamma,gamma,161.407551
FLUKA,6262,mono511_gamma,gamma,180.307204
FLUKA,6264,mono511_gamma,gamma,139.389911
FLUKA,6282,mono511_gamma,gamma,153.755077
FLUKA,6310,mono511_gamma,gamma,195.644452
FLUKA,6345,mono511_gamma,gamma,511.0
FLUKA,6356,mono511_gamma,gamma,50.2064622
FLUKA,6363,mono511_gamma,gamma,511.0
FLUKA,6372,mono511_gamma,gamma,410.235791
FLUKA,6473,mono511_gamma,gamma,313.53252
FLUKA,6496,mono511_gamma,gamma,2.28607724
FLUKA,6501,mono511_gamma,gamma,187.470332
FLUKA,6522,mono511_gamma,gamma,243.938005
FLUKA,6552,mono511_gamma,gamma,206.058707
FLUKA,6646,mono511_gamma,gamma,287.025762
FLUKA,6670,mono511_gamma,gamma,325.034111
FLUKA,6730,mono511_gamma,gamma,32.1644979
FLUKA,6735,mono511_gamma,gamma,292.225703
FLUKA,6810,mono511_gamma,gamma,511.0
FLUKA,6829,mono511_gamma,gamma,511.0
FLUKA,6836,mono511_gamma,gamma,511.0
FLUKA,6880,mono511_gamma,gamma,511.0
FLUKA,6908,mono511_gamma,gamma,218.242165
FLUKA,7234,mono511_gamma,gamma,355.88611
FLUKA,7243,mono511_gamma,gamma,511.0
FLUKA,7260,mono511_gamma,gamma,305.40099
FLUKA,7283,mono511_gamma,gamma,27.6995954
FLUKA,7312,mono511_gamma,gamma,222.901087
FLUKA,7316,mono511_gamma,gamma,288.027571
FLUKA,7324,mono511_gamma,gamma,211.837713
FLUKA,7379,mono511_gamma,gamma,171.428601
FLUKA,7394,mono511_gamma,gamma,156.725261
FLUKA,7420,mono511_gamma,gamma,100.688575
FLUKA,7434,mono511_gamma,gamma,511.0
FLUKA,7439,mono511_gamma,gamma,8.86927198
FLUKA,7485,mono511_gamma,gamma,191.508221
FLUKA,7566,mono511_gamma,gamma,293.962463
FLUKA,7572,mono511_gamma,gamma,161.331459
FLUKA,7596,mono511_gamma,gamma,255.865815
FLUKA,7608,mono511_gamma,gamma,385.74366
FLUKA,7638,mono511_gamma,gamma,340.520833
FLUKA,7687,mono511_gamma,gamma,352.444161
FLUKA,7799,mono511_gamma,gamma,443.251478
FLUKA,7817,mono511_gamma,gamma,89.6189312
FLUKA,7872,mono511_gamma,gamma,511.0
FLUKA,7887,mono511_gamma,gamma,58.0862616
FLUKA,7907,mono511_gamma,gamma,334.728669
FLUKA,7932,mono511_gamma,gamma,54.2166069
FLUKA,8072,mono511_gamma,gamma,240.205198
FLUKA,8120,mono511_gamma,gamma,65.7173321
FLUKA,8192,mono511_gamma,gamma,306.544432
FLUKA,8360,mono511_gamma,gamma,179.184937
FLUKA,8399,mono511_gamma,gamma,170.898998
FLUKA,8436,mono511_gamma,gamma,511.0
FLUKA,8454,mono511_gamma,gamma,511.0
FLUKA,8476,mono511_gamma,gamma,116.025369
FLUKA,8510,mono511_gamma,gamma,300.228829
FLUKA,8517,mono511_gamma,gamma,24.7983263
FLUKA,8565,mono511_gamma,gamma,75.4749598
FLUKA,8582,mono511_gamma,gamma,171.387714
FLUKA,8679,mono511_gamma,gamma,248.108385
FLUKA,8711,mono511_gamma,gamma,42.4019784
FLUKA,8729,mono511_gamma,gamma,285.727519
FLUKA,8754,mono511_gamma,gamma,167.757916
FLUKA,8777,mono511_gamma,gamma,137.864734
FLUKA,8794,mono511_gamma,gamma,511.0
FLUKA,8877,mono511_gamma,gamma,298.199021
FLUKA,8915,mono511_gamma,gamma,398.464507
FLUKA,8944,mono511_gamma,gamma,511.0
FLUKA,8979,mono511_gamma,gamma,197.256899
FLUKA,8980,mono511_gamma,gamma,170.624439
FLUKA,8987,mono511_gamma,gamma,328.511499
FLUKA,9008,mono511_gamma,gamma,146.211192
FLUKA,9053,mono511_gamma,gamma,339.379775
FLUKA,9071,mono511_gamma,gamma,123.760384
FLUKA,9073,mono511_gamma,gamma,252.839422
FLUKA,9075,mono511_gamma,gamma,10.9054113
FLUKA,9076,mono511_gamma,gamma,511.0
FLUKA,9081,mono511_gamma,gamma,334.230872
FLUKA,9095,mono511_gamma,gamma,511.0
FLUKA,9131,mono511_gamma,gamma,223.882712
FLUKA,9176,mono511_gamma,gamma,511.0
FLUKA,9333,mono511_gamma,gamma,398.959159
FLUKA,9341,mono511_gamma,gamma,186.00734
FLUKA,9355,mono511_gamma,gamma,151.304133
FLUKA,9356,mono511_gamma,gamma,204.283788
FLUKA,9364,mono511_gamma,gamma,290.674981
FLUKA,9391,mono511_gamma,gamma,303.618502
FLUKA,9407,mono511_gamma,gamma,262.578887
FLUKA,9515,mono511_gamma,gamma,418.874764
FLUKA,9529,mono511_gamma,gamma,192.260512
FLUKA,9545,mono511_gamma,gamma,511.0
FLUKA,9577,mono511_gamma,gamma,340.724699
FLUKA,9668,mono511_gamma,gamma,20.3932635
FLUKA,9703,mono511_gamma,gamma,310.955198
FLUKA,9726,mono511_gamma,gamma,454.598
FLUKA,9773,mono511_gamma,gamma,49.3611363
FLUKA,9845,mono511_gamma,gamma,252.061929
FLUKA,9875,mono511_gamma,gamma,165.466207
FLUKA,9880,mono511_gamma,gamma,184.384557
FLUKA,9916,mono511_gamma,gamma,17.0732024
FLUKA,9927,mono511_gamma,gamma,511.0
FLUKA,9969,mono511_gamma,gamma,245.067773
FLUKA,10033,mono511_gamma,gamma,500.555101
FLUKA,10039,mono511_gamma,gamma,197.480218
FLUKA,10126,mono511_gamma,gamma,158.581703
FLUKA,10142,mono511_gamma,gamma,511.0
FLUKA,10158,mono511_gamma,gamma,511.0
FLUKA,10176,mono511_gamma,gamma,202.322952
FLUKA,10192,mono511_gamma,gamma,292.860473
FLUKA,10294,mono511_gamma,gamma,218.912058
FLUKA,10333,mono511_gamma,gamma,511.0
FLUKA,10377,mono511_gamma,gamma,499.808375
FLUKA,10399,mono511_gamma,gamma,128.919557
FLUKA,10428,mono511_gamma,gamma,344.212953
FLUKA,10484,mono511_gamma,gamma,246.691139
FLUKA,10505,mono511_gamma,gamma,205.237686
FLUKA,10547,mono511_gamma,gamma,200.587348
FLUKA,10608,mono511_gamma,gamma,298.585656
FLUKA,10644,mono511_gamma,gamma,511.0
FLUKA,10670,mono511_gamma,gamma,298.476455
FLUKA,10674,mono511_gamma,gamma,111.390741
FLUKA,10755,mono511_gamma,gamma,150.588245
FLUKA,10912,mono511_gamma,gamma,497.755661
FLUKA,10924,mono511_gamma,gamma,473.851484
FLUKA,10942,mono511_gamma,gamma,511.0
FLUKA,10980,mono511_gamma,gamma,31.379369
FLUKA,10997,mono511_gamma,gamma,216.678339
FLUKA,11002,mono511_gamma,gamma,233.560672
FLUKA,11005,mono511_gamma,gamma,488.868155
FLUKA,11006,mono511_gamma,gamma,511.0
FLUKA,11009,mono511_gamma,gamma,85.5344507
FLUKA,11110,mono511_gamma,gamma,170.459032
FLUKA,11128,mono511_gamma,gamma,163.909583
FLUKA,11134,mono511_gamma,gamma,162.858266
FLUKA,11141,mono511_gamma,gamma,310.235064
FLUKA,11145,mono511_gamma,gamma,511.0
FLUKA,11147,mono511_gamma,gamma,115.578682
FLUKA,11164,mono511_gamma,gamma,511.0
FLUKA,11176,mono511_gamma,gamma,202.73634
FLUKA,11235,mono511_gamma,gamma,122.446991
FLUKA,11284,mono511_gamma,gamma,188.40055
FLUKA,11286,mono511_gamma,gamma,278.725839
FLUKA,11329,mono511_gamma,gamma,254.781225
FLUKA,11361,mono511_gamma,gamma,299.330087
FLUKA,11382,mono511_gamma,gamma,120.919573
FLUKA,11503,mono511_gamma,gamma,132.909315
FLUKA,11543,mono511_gamma,gamma,256.473408
FLUKA,11566,mono511_gamma,gamma,254.162525
FLUKA,11576,mono511_gamma,gamma,120.365505
FLUKA,11616,mono511_gamma,gamma,257.876545
FLUKA,11713,mono511_gamma,gamma,171.111915
FLUKA,11723,mono511_gamma,gamma,26.0774912
FLUKA,11802,mono511_gamma,gamma,344.939351
FLUKA,11890,mono511_gamma,gamma,75.14128
FLUKA,11950,mono511_gamma,gamma,0.392444806
FLUKA,12029,mono511_gamma,gamma,331.388547
FLUKA,12037,mono511_gamma,gamma,212.077269
FLUKA,12092,mono511_gamma,gamma,74.7880193
FLUKA,12110,mono511_gamma,gamma,408.86998
FLUKA,12198,mono511_gamma,gamma,147.089397
FLUKA,12267,mono511_gamma,gamma,230.875526
FLUKA,12369,mono511_gamma,gamma,30.827422
FLUKA,12407,mono511_gamma,gamma,296.985165
FLUKA,12431,mono511_gamma,gamma,185.116239
FLUKA,12434,mono511_gamma,gamma,511.0
FLUKA,12481,mono511_gamma,gamma,511.0
FLUKA,12521,mono511_gamma,gamma,75.4959063
FLUKA,12542,mono511_gamma,gamma,511.0
FLUKA,12550,mono511_gamma,gamma,268.107384
FLUKA,12598,mono511_gamma,gamma,220.180462
FLUKA,12604,mono511_gamma,gamma,142.105219
FLUKA,12660,mono511_gamma,gamma,120.942928
FLUKA,12770,mono511_gamma,gamma,221.943386
FLUKA,12785,mono511_gamma,gamma,17.8737767
FLUKA,12787,mono511_gamma,gamma,511.0
FLUKA,12820,mono511_gamma,gamma,185.784577
FLUKA,12871,mono511_gamma,gamma,201.200711
FLUKA,12880,mono511_gamma,gamma,227.7045
FLUKA,12890,mono511_gamma,gamma,265.003752
FLUKA,12909,mono511_gamma,gamma,216.536756
FLUKA,12915,mono511_gamma,gamma,249.382261
FLUKA,12925,mono511_gamma,gamma,219.71038
FLUKA,12934,mono511_gamma,gamma,198.735758
FLUKA,12936,mono511_gamma,gamma,287.086247
FLUKA,13101,mono511_gamma,gamma,219.243495
FLUKA,13122,mono511_gamma,gamma,511.0
FLUKA,13143,mono511_gamma,gamma,220.617011
FLUKA,13154,mono511_gamma,gamma,243.816545
FLUKA,13159,mono511_gamma,gamma,148.298043
FLUKA,13163,mono511_gamma,gamma,144.746614
FLUKA,13294,mono511_gamma,gamma,224.50819
FLUKA,13295,mono511_gamma,gamma,48.535274
FLUKA,13325,mono511_gamma,gamma,123.478909
FLUKA,13377,mono511_gamma,gamma,277.940727
FLUKA,13393,mono511_gamma,gamma,217.948603
FLUKA,13436,mono511_gamma,gamma,511.0
FLUKA,13447,mono511_gamma,gamma,511.0
FLUKA,13449,mono511_gamma,gamma,259.548117
FLUKA,13553,mono511_gamma,gamma,260.399442
FLUKA,13560,mono511_gamma,gamma,511.0
FLUKA,13572,mono511_gamma,gamma,145.900635
FLUKA,13582,mono511_gamma,gamma,511.0
FLUKA,13706,mono511_gamma,gamma,511.0
FLUKA,13761,mono511_gamma,gamma,323.78091
FLUKA,13781,mono511_gamma,gamma,215.405469
FLUKA,13821,mono511_gamma,gamma,239.296005
FLUKA,13832,mono511_gamma,gamma,365.700399
FLUKA,13860,mono511_gamma,gamma,6.67146662
FLUKA,13884,mono511_gamma,gamma,186.698374
FLUKA,13892,mono511_gamma,gamma,284.525844
FLUKA,13894,mono511_gamma,gamma,314.161879
FLUKA,13898,mono511_gamma,gamma,151.785015
FLUKA,13929,mono511_gamma,gamma,271.823827
FLUKA,13936,mono511_gamma,gamma,189.471167
FLUKA,13960,mono511_gamma,gamma,292.461554
FLUKA,13962,mono511_gamma,gamma,307.859836
FLUKA,14103,mono511_gamma,gamma,493.186542
FLUKA,14109,mono511_gamma,gamma,214.126966
FLUKA,14112,mono511_gamma,gamma,248.870603
FLUKA,14160,mono511_gamma,gamma,511.0
FLUKA,14170,mono511_gamma,gamma,322.558808
FLUKA,14215,mono511_gamma,gamma,196.282132
FLUKA,14233,mono511_gamma,gamma,221.161356
FLUKA,14283,mono511_gamma,gamma,430.773197
FLUKA,14335,mono511_gamma,gamma,159.481812
FLUKA,14336,mono511_gamma,gamma,288.832034
FLUKA,14386,mono511_gamma,gamma,425.693818
FLUKA,14391,mono511_gamma,gamma,511.0
FLUKA,14506,mono511_gamma,gamma,176.358346
FLUKA,14512,mono511_gamma,gamma,29.8201554
FLUKA,14534,mono511_gamma,gamma,239.894876
FLUKA,14591,mono511_gamma,gamma,200.929916
FLUKA,14596,mono511_gamma,gamma,511.0
FLUKA,14613,mono511_gamma,gamma,511.0
FLUKA,14626,mono511_gamma,gamma,184.645269
FLUKA,14631,mono511_gamma,gamma,89.1444105
FLUKA,14646,mono511_gamma,gamma,119.517817
FLUKA,14649,mono511_gamma,gamma,105.979469
FLUKA,14663,mono511_gamma,gamma,436.464085
FLUKA,14713,mono511_gamma,gamma,295.074172
FLUKA,14734,mono511_gamma,gamma,248.69318
FLUKA,14752,mono511_gamma,gamma,511.0
FLUKA,14772,mono511_gamma,gamma,167.349161
FLUKA,14804,mono511_gamma,gamma,400.105165
FLUKA,14831,mono511_gamma,gamma,335.148283
FLUKA,14896,mono511_gamma,gamma,204.068754
FLUKA,14932,mono511_gamma,gamma,209.98868
FLUKA,15017,mono511_gamma,gamma,511.0
FLUKA,15145,mono511_gamma,gamma,511.0
FLUKA,15196,mono511_gamma,gamma,202.809965
FLUKA,15212,mono511_gamma,gamma,345.828063
FLUKA,15238,mono511_gamma,gamma,313.157664
FLUKA,15256,mono511_gamma,gamma,187.443818
FLUKA,15265,mono511_gamma,gamma,186.270918
FLUKA,15284,mono511_gamma,gamma,27.704633
FLUKA,15293,mono511_gamma,gamma,511.0
FLUKA,15299,mono511_gamma,gamma,296.950398
FLUKA,15324,mono511_gamma,gamma,511.0
FLUKA,15330,mono511_gamma,gamma,108.557077
FLUKA,15374,mono511_gamma,gamma,511.0
FLUKA,15411,mono511_gamma,gamma,289.603225
FLUKA,15443,mono511_gamma,gamma,420.895777
FLUKA,15493,mono511_gamma,gamma,279.634571
FLUKA,15520,mono511_gamma,gamma,375.83989
FLUKA,15524,mono511_gamma,gamma,511.0
FLUKA,15537,mono511_gamma,gamma,369.363083
FLUKA,15557,mono511_gamma,gamma,434.127667
FLUKA,15561,mono511_gamma,gamma,219.228732
FLUKA,15570,mono511_gamma,gamma,233.627014
FLUKA,15625,mono511_gamma,gamma,469.671404
FLUKA,15709,mono511_gamma,gamma,159.433118
FLUKA,15722,mono511_gamma,gamma,511.0
FLUKA,15753,mono511_gamma,gamma,320.319565
FLUKA,15765,mono511_gamma,gamma,416.445206
FLUKA,15777,mono511_gamma,gamma,511.0
FLUKA,15787,mono511_gamma,gamma,335.250749
FLUKA,15790,mono511_gamma,gamma,432.351017
FLUKA,15794,mono511_gamma,gamma,89.600982
FLUKA,15817,mono511_gamma,gamma,360.160212
FLUKA,15896,mono511_gamma,gamma,511.0
FLUKA,15900,mono511_gamma,gamma,175.212231
FLUKA,15951,mono511_gamma,gamma,84.8296551
FLUKA,16022,mono511_gamma,gamma,506.900188
FLUKA,16035,mono511_gamma,gamma,227.24722
FLUKA,16053,mono511_gamma,gamma,29.2785893
FLUKA,16057,mono511_gamma,gamma,243.829459
FLUKA,16087,mono511_gamma,gamma,278.654246
FLUKA,16122,mono511_gamma,gamma,511.0
FLUKA,16171,mono511_gamma,gamma,16.2597902
FLUKA,16228,mono511_gamma,gamma,511.0
FLUKA,16244,mono511_gamma,gamma,511.0
FLUKA,16316,mono511_gamma,gamma,217.024805
FLUKA,16347,mono511_gamma,gamma,355.3848
FLUKA,16352,mono511_gamma,gamma,153.642962
FLUKA,16366,mono511_gamma,gamma,318.173158
FLUKA,16423,mono511_gamma,gamma,225.885009
FLUKA,16430,mono511_gamma,gamma,489.945471
FLUKA,16457,mono511_gamma,gamma,155.013635
FLUKA,16496,mono511_gamma,gamma,511.0
FLUKA,16621,mono511_gamma,gamma,213.428578
FLUKA,16630,mono511_gamma,gamma,39.0116643
FLUKA,16667,mono511_gamma,gamma,363.964992
FLUKA,16670,mono511_gamma,gamma,201.80085
FLUKA,16678,mono511_gamma,gamma,201.045039
FLUKA,16689,mono511_gamma,gamma,511.0
FLUKA,16768,mono511_gamma,gamma,365.312229
FLUKA,16805,mono511_gamma,gamma,453.3142
FLUKA,16910,mono511_gamma,gamma,219.959796
FLUKA,16972,mono511_gamma,gamma,197.268901
FLUKA,17019,mono511_gamma,gamma,293.647561
FLUKA,17067,mono511_gamma,gamma,511.0
FLUKA,17102,mono511_gamma,gamma,453.3142
FLUKA,17148,mono511_gamma,gamma,511.0
FLUKA,17152,mono511_gamma,gamma,54.1036702
FLUKA,17267,mono511_gamma,gamma,511.0
FLUKA,17352,mono511_gamma,gamma,8.27840099
FLUKA,17354,mono511_gamma,gamma,511.0
FLUKA,17377,mono511_gamma,gamma,428.793783
FLUKA,17382,mono511_gamma,gamma,511.0
FLUKA,17414,mono511_gamma,gamma,289.318842
FLUKA,17477,mono511_gamma,gamma,152.403751
FLUKA,17518,mono511_gamma,gamma,307.065037
FLUKA,17616,mono511_gamma,gamma,49.4363571
FLUKA,17622,mono511_gamma,gamma,32.6693019
FLUKA,17644,mono511_gamma,gamma,178.878706
FLUKA,17688,mono511_gamma,gamma,260.950615
FLUKA,17718,mono511_gamma,gamma,511.0
FLUKA,17814,mono511_gamma,gamma,143.962393
FLUKA,17818,mono511_gamma,gamma,219.052858
FLUKA,17827,mono511_gamma,gamma,122.084995
FLUKA,17908,mono511_gamma,gamma,240.612129
FLUKA,17916,mono511_gamma,gamma,511.0
FLUKA,17969,mono511_gamma,gamma,46.354764
FLUKA,18024,mono511_gamma,gamma,107.688826
FLUKA,18058,mono511_gamma,gamma,134.470463
FLUKA,18068,mono511_gamma,gamma,511.0
FLUKA,18248,mono511_gamma,gamma,176.910581
FLUKA,18285,mono511_gamma,gamma,105.113593
FLUKA,18299,mono511_gamma,gamma,511.0
FLUKA,18363,mono511_gamma,gamma,136.73722
MEGAlib,64,mono511_gamma,gamma,229.47639
MEGAlib,78,mono511_gamma,gamma,295.68351
MEGAlib,149,mono511_gamma,gamma,191.89744
MEGAlib,218,mono511_gamma,gamma,213.89863
MEGAlib,297,mono511_gamma,gamma,390.74223
MEGAlib,298,mono511_gamma,gamma,55.92831
MEGAlib,376,mono511_gamma,gamma,103.92956
MEGAlib,482,mono511_gamma,gamma,216.58577
MEGAlib,535,mono511_gamma,gamma,118.35088
MEGAlib,549,mono511_gamma,gamma,330.00478
MEGAlib,710,mono511_gamma,gamma,230.91167
MEGAlib,732,mono511_gamma,gamma,511.0
MEGAlib,740,mono511_gamma,gamma,511.0
MEGAlib,780,mono511_gamma,gamma,128.48075
MEGAlib,783,mono511_gamma,gamma,120.31794
MEGAlib,810,mono511_gamma,gamma,40.27114
MEGAlib,817,mono511_gamma,gamma,178.5119
MEGAlib,833,mono511_gamma,gamma,237.58829
MEGAlib,843,mono511_gamma,gamma,511.0
MEGAlib,896,mono511_gamma,gamma,305.09204
MEGAlib,922,mono511_gamma,gamma,120.23999
MEGAlib,936,mono511_gamma,gamma,511.0
MEGAlib,972,mono511_gamma,gamma,511.0
MEGAlib,980,mono511_gamma,gamma,342.33842
MEGAlib,994,mono511_gamma,gamma,511.0
MEGAlib,1006,mono511_gamma,gamma,167.43231
MEGAlib,1013,mono511_gamma,gamma,138.31789
MEGAlib,1023,mono511_gamma,gamma,220.40374
MEGAlib,1065,mono511_gamma,gamma,511.0
MEGAlib,1125,mono511_gamma,gamma,138.58357
MEGAlib,1162,mono511_gamma,gamma,511.0
MEGAlib,1284,mono511_gamma,gamma,202.68361
MEGAlib,1340,mono511_gamma,gamma,108.68484
MEGAlib,1347,mono511_gamma,gamma,155.98053
MEGAlib,1377,mono511_gamma,gamma,169.21627
MEGAlib,1386,mono511_gamma,gamma,107.64985
MEGAlib,1391,mono511_gamma,gamma,94.25515
MEGAlib,1395,mono511_gamma,gamma,511.0
MEGAlib,1488,mono511_gamma,gamma,491.44057
MEGAlib,1497,mono511_gamma,gamma,511.0
MEGAlib,1517,mono511_gamma,gamma,9.75542
MEGAlib,1539,mono511_gamma,gamma,175.93571
MEGAlib,1543,mono511_gamma,gamma,205.4061
MEGAlib,1612,mono511_gamma,gamma,248.09492
MEGAlib,1627,mono511_gamma,gamma,195.9376
MEGAlib,1712,mono511_gamma,gamma,377.15097
MEGAlib,1741,mono511_gamma,gamma,511.0
MEGAlib,1754,mono511_gamma,gamma,221.63071
MEGAlib,1769,mono511_gamma,gamma,210.39486
MEGAlib,1771,mono511_gamma,gamma,511.0
MEGAlib,1825,mono511_gamma,gamma,30.03282
MEGAlib,1858,mono511_gamma,gamma,511.0
MEGAlib,1920,mono511_gamma,gamma,164.26473
MEGAlib,1926,mono511_gamma,gamma,238.27603
MEGAlib,2028,mono511_gamma,gamma,401.54271
MEGAlib,2035,mono511_gamma,gamma,480.37319
MEGAlib,2046,mono511_gamma,gamma,170.09938
MEGAlib,2127,mono511_gamma,gamma,291.73997
MEGAlib,2143,mono511_gamma,gamma,238.81129
MEGAlib,2162,mono511_gamma,gamma,121.83721
MEGAlib,2181,mono511_gamma,gamma,204.07142
MEGAlib,2238,mono511_gamma,gamma,428.79535
MEGAlib,2276,mono511_gamma,gamma,511.0
MEGAlib,2284,mono511_gamma,gamma,362.5423
MEGAlib,2293,mono511_gamma,gamma,160.9333
MEGAlib,2332,mono511_gamma,gamma,138.36078
MEGAlib,2353,mono511_gamma,gamma,167.71814
MEGAlib,2421,mono511_gamma,gamma,308.83212
MEGAlib,2433,mono511_gamma,gamma,511.0
MEGAlib,2441,mono511_gamma,gamma,86.53208
MEGAlib,2459,mono511_gamma,gamma,179.89858
MEGAlib,2545,mono511_gamma,gamma,33.00614
MEGAlib,2548,mono511_gamma,gamma,269.27629
MEGAlib,2551,mono511_gamma,gamma,217.39595
MEGAlib,2557,mono511_gamma,gamma,321.73928
MEGAlib,2563,mono511_gamma,gamma,355.38829
MEGAlib,2571,mono511_gamma,gamma,511.0
MEGAlib,2575,mono511_gamma,gamma,56.35306
MEGAlib,2576,mono511_gamma,gamma,218.44945
MEGAlib,2592,mono511_gamma,gamma,454.598
MEGAlib,2595,mono511_gamma,gamma,247.05711
MEGAlib,2621,mono511_gamma,gamma,303.52817
MEGAlib,2659,mono511_gamma,gamma,108.53767
MEGAlib,2801,mono511_gamma,gamma,249.29672
MEGAlib,2804,mono511_gamma,gamma,377.23987
MEGAlib,2843,mono511_gamma,gamma,35.39587
MEGAlib,2930,mono511_gamma,gamma,458.66745
MEGAlib,3016,mono511_gamma,gamma,511.0
MEGAlib,3092,mono511_gamma,gamma,511.0
MEGAlib,3100,mono511_gamma,gamma,334.65208
MEGAlib,3140,mono511_gamma,gamma,13.24403
MEGAlib,3174,mono511_gamma,gamma,511.0
MEGAlib,3182,mono511_gamma,gamma,17.36688
MEGAlib,3185,mono511_gamma,gamma,159.47182
MEGAlib,3193,mono511_gamma,gamma,343.34963
MEGAlib,3210,mono511_gamma,gamma,511.0
MEGAlib,3249,mono511_gamma,gamma,15.13878
MEGAlib,3254,mono511_gamma,gamma,103.74327
MEGAlib,3320,mono511_gamma,gamma,192.41878
MEGAlib,3322,mono511_gamma,gamma,245.98662
MEGAlib,3366,mono511_gamma,gamma,505.14007
MEGAlib,3368,mono511_gamma,gamma,208.67075
MEGAlib,3373,mono511_gamma,gamma,511.0
MEGAlib,3397,mono511_gamma,gamma,244.66797
MEGAlib,3427,mono511_gamma,gamma,126.25113
MEGAlib,3523,mono511_gamma,gamma,371.98482
MEGAlib,3549,mono511_gamma,gamma,68.95178
MEGAlib,3554,mono511_gamma,gamma,270.37877
MEGAlib,3588,mono511_gamma,gamma,113.86205
MEGAlib,3595,mono511_gamma,gamma,65.79635
MEGAlib,3619,mono511_gamma,gamma,398.1376
MEGAlib,3636,mono511_gamma,gamma,300.70024
MEGAlib,3667,mono511_gamma,gamma,194.05472
MEGAlib,3694,mono511_gamma,gamma,67.83175
MEGAlib,3720,mono511_gamma,gamma,377.69923
MEGAlib,3730,mono511_gamma,gamma,511.0
MEGAlib,3805,mono511_gamma,gamma,308.79004
MEGAlib,3871,mono511_gamma,gamma,79.46665
MEGAlib,3889,mono511_gamma,gamma,511.0
MEGAlib,3904,mono511_gamma,gamma,511.0
MEGAlib,3986,mono511_gamma,gamma,442.22986
MEGAlib,4014,mono511_gamma,gamma,196.22876
MEGAlib,4071,mono511_gamma,gamma,208.13982
MEGAlib,4118,mono511_gamma,gamma,419.40539
MEGAlib,4131,mono511_gamma,gamma,484.60886
MEGAlib,4148,mono511_gamma,gamma,445.6191
MEGAlib,4166,mono511_gamma,gamma,511.0
MEGAlib,4173,mono511_gamma,gamma,97.76151
MEGAlib,4277,mono511_gamma,gamma,244.07019
MEGAlib,4278,mono511_gamma,gamma,314.84262
MEGAlib,4290,mono511_gamma,gamma,155.45174
MEGAlib,4326,mono511_gamma,gamma,260.73014
MEGAlib,4327,mono511_gamma,gamma,260.51534
MEGAlib,4355,mono511_gamma,gamma,247.62815
MEGAlib,4395,mono511_gamma,gamma,511.0
MEGAlib,4445,mono511_gamma,gamma,21.38098
MEGAlib,4511,mono511_gamma,gamma,297.95783
MEGAlib,4568,mono511_gamma,gamma,511.0
MEGAlib,4620,mono511_gamma,gamma,340.78512
MEGAlib,4667,mono511_gamma,gamma,511.0
MEGAlib,4677,mono511_gamma,gamma,124.75148
MEGAlib,4690,mono511_gamma,gamma,323.81686
MEGAlib,4732,mono511_gamma,gamma,233.14177
MEGAlib,4813,mono511_gamma,gamma,511.0
MEGAlib,4830,mono511_gamma,gamma,278.73159
MEGAlib,4869,mono511_gamma,gamma,453.3142
MEGAlib,4890,mono511_gamma,gamma,423.46851
MEGAlib,4891,mono511_gamma,gamma,511.0
MEGAlib,4913,mono511_gamma,gamma,201.24209
MEGAlib,4959,mono511_gamma,gamma,98.46489
MEGAlib,4966,mono511_gamma,gamma,213.93441
MEGAlib,4978,mono511_gamma,gamma,328.82343
MEGAlib,5020,mono511_gamma,gamma,203.89502
MEGAlib,5069,mono511_gamma,gamma,286.21884
MEGAlib,5076,mono511_gamma,gamma,203.5174
MEGAlib,5084,mono511_gamma,gamma,323.54016
MEGAlib,5097,mono511_gamma,gamma,14.26647
MEGAlib,5113,mono511_gamma,gamma,240.77283
MEGAlib,5120,mono511_gamma,gamma,359.4548
MEGAlib,5127,mono511_gamma,gamma,154.8348
MEGAlib,5152,mono511_gamma,gamma,212.72963
MEGAlib,5214,mono511_gamma,gamma,509.93329
MEGAlib,5292,mono511_gamma,gamma,286.05631
MEGAlib,5345,mono511_gamma,gamma,511.0
MEGAlib,5349,mono511_gamma,gamma,511.0
MEGAlib,5420,mono511_gamma,gamma,128.55742
MEGAlib,5429,mono511_gamma,gamma,290.80264
MEGAlib,5482,mono511_gamma,gamma,37.3051
MEGAlib,5502,mono511_gamma,gamma,330.82431
MEGAlib,5624,mono511_gamma,gamma,511.0
MEGAlib,5640,mono511_gamma,gamma,47.45375
MEGAlib,5649,mono511_gamma,gamma,51.6221
MEGAlib,5657,mono511_gamma,gamma,232.45937
MEGAlib,5783,mono511_gamma,gamma,511.0
MEGAlib,5846,mono511_gamma,gamma,82.09384
MEGAlib,5891,mono511_gamma,gamma,65.42089
MEGAlib,6051,mono511_gamma,gamma,511.0
MEGAlib,6056,mono511_gamma,gamma,379.55369
MEGAlib,6108,mono511_gamma,gamma,149.75614
MEGAlib,6157,mono511_gamma,gamma,132.56475
MEGAlib,6194,mono511_gamma,gamma,511.0
MEGAlib,6231,mono511_gamma,gamma,198.87244
MEGAlib,6234,mono511_gamma,gamma,511.0
MEGAlib,6283,mono511_gamma,gamma,91.7219
MEGAlib,6319,mono511_gamma,gamma,236.22949
MEGAlib,6335,mono511_gamma,gamma,504.53705
MEGAlib,6376,mono511_gamma,gamma,123.43898
MEGAlib,6380,mono511_gamma,gamma,63.42888
MEGAlib,6475,mono511_gamma,gamma,226.23609
MEGAlib,6477,mono511_gamma,gamma,283.90236
MEGAlib,6479,mono511_gamma,gamma,160.70858
MEGAlib,6506,mono511_gamma,gamma,133.72075
MEGAlib,6537,mono511_gamma,gamma,511.0
MEGAlib,6563,mono511_gamma,gamma,460.46893
MEGAlib,6744,mono511_gamma,gamma,274.9216
MEGAlib,6771,mono511_gamma,gamma,325.70107
MEGAlib,6814,mono511_gamma,gamma,73.3774
MEGAlib,6816,mono511_gamma,gamma,511.0
MEGAlib,6841,mono511_gamma,gamma,368.65303
MEGAlib,6902,mono511_gamma,gamma,511.0
MEGAlib,6923,mono511_gamma,gamma,220.37076
MEGAlib,6925,mono511_gamma,gamma,244.06838
MEGAlib,6943,mono511_gamma,gamma,445.52975
MEGAlib,6986,mono511_gamma,gamma,511.0
MEGAlib,7231,mono511_gamma,gamma,511.0
MEGAlib,7254,mono511_gamma,gamma,225.71989
MEGAlib,7267,mono511_gamma,gamma,72.70147
MEGAlib,7276,mono511_gamma,gamma,249.08239
MEGAlib,7281,mono511_gamma,gamma,511.0
MEGAlib,7345,mono511_gamma,gamma,511.0
MEGAlib,7403,mono511_gamma,gamma,413.98529
MEGAlib,7416,mono511_gamma,gamma,70.95291
MEGAlib,7429,mono511_gamma,gamma,40.29986
MEGAlib,7475,mono511_gamma,gamma,278.51591
MEGAlib,7636,mono511_gamma,gamma,267.88997
MEGAlib,7730,mono511_gamma,gamma,113.93067
MEGAlib,7745,mono511_gamma,gamma,184.48027
MEGAlib,7780,mono511_gamma,gamma,428.6788
MEGAlib,7782,mono511_gamma,gamma,71.66644
MEGAlib,7796,mono511_gamma,gamma,17.32263
MEGAlib,7818,mono511_gamma,gamma,324.35772
MEGAlib,7819,mono511_gamma,gamma,490.31138
MEGAlib,7843,mono511_gamma,gamma,511.0
MEGAlib,7852,mono511_gamma,gamma,511.0
MEGAlib,7872,mono511_gamma,gamma,494.55065
MEGAlib,7901,mono511_gamma,gamma,246.18461
MEGAlib,7906,mono511_gamma,gamma,120.70727
MEGAlib,7920,mono511_gamma,gamma,496.256
MEGAlib,7958,mono511_gamma,gamma,511.0
MEGAlib,7999,mono511_gamma,gamma,511.0
MEGAlib,8005,mono511_gamma,gamma,220.05806
MEGAlib,8015,mono511_gamma,gamma,454.598
MEGAlib,8036,mono511_gamma,gamma,298.18704
MEGAlib,8043,mono511_gamma,gamma,293.625
MEGAlib,8045,mono511_gamma,gamma,301.80822
MEGAlib,8062,mono511_gamma,gamma,511.0
MEGAlib,8124,mono511_gamma,gamma,144.27741
MEGAlib,8143,mono511_gamma,gamma,259.96151
MEGAlib,8162,mono511_gamma,gamma,511.0
MEGAlib,8186,mono511_gamma,gamma,511.0
MEGAlib,8269,mono511_gamma,gamma,511.0
MEGAlib,8278,mono511_gamma,gamma,182.96321
MEGAlib,8310,mono511_gamma,gamma,187.20573
MEGAlib,8371,mono511_gamma,gamma,141.89581
MEGAlib,8391,mono511_gamma,gamma,152.61643
MEGAlib,8394,mono511_gamma,gamma,123.46662
MEGAlib,8398,mono511_gamma,gamma,226.77763
MEGAlib,8436,mono511_gamma,gamma,117.07736
MEGAlib,8449,mono511_gamma,gamma,160.31973
MEGAlib,8452,mono511_gamma,gamma,511.0
MEGAlib,8454,mono511_gamma,gamma,511.0
MEGAlib,8522,mono511_gamma,gamma,349.14125
MEGAlib,8540,mono511_gamma,gamma,511.0
MEGAlib,8603,mono511_gamma,gamma,451.57417
MEGAlib,8642,mono511_gamma,gamma,37.57201
MEGAlib,8671,mono511_gamma,gamma,201.49229
MEGAlib,8689,mono511_gamma,gamma,214.56777
MEGAlib,8720,mono511_gamma,gamma,149.87876
MEGAlib,8761,mono511_gamma,gamma,317.62405
MEGAlib,9046,mono511_gamma,gamma,258.94393
MEGAlib,9056,mono511_gamma,gamma,263.17291
MEGAlib,9073,mono511_gamma,gamma,203.18594
MEGAlib,9100,mono511_gamma,gamma,216.91789
MEGAlib,9117,mono511_gamma,gamma,511.0
MEGAlib,9135,mono511_gamma,gamma,179.33027
MEGAlib,9207,mono511_gamma,gamma,437.75233
MEGAlib,9220,mono511_gamma,gamma,511.0
MEGAlib,9272,mono511_gamma,gamma,511.0
MEGAlib,9350,mono511_gamma,gamma,511.0
MEGAlib,9355,mono511_gamma,gamma,214.19833
MEGAlib,9366,mono511_gamma,gamma,173.05545
MEGAlib,9384,mono511_gamma,gamma,478.34239
MEGAlib,9464,mono511_gamma,gamma,197.05434
MEGAlib,9467,mono511_gamma,gamma,511.0
MEGAlib,9477,mono511_gamma,gamma,208.34111
MEGAlib,9487,mono511_gamma,gamma,218.14735
MEGAlib,9509,mono511_gamma,gamma,106.94516
MEGAlib,9544,mono511_gamma,gamma,11.52377
MEGAlib,9548,mono511_gamma,gamma,242.05054
MEGAlib,9551,mono511_gamma,gamma,178.48041
MEGAlib,9609,mono511_gamma,gamma,405.94141
MEGAlib,9687,mono511_gamma,gamma,218.90789
MEGAlib,9688,mono511_gamma,gamma,128.39615
MEGAlib,9696,mono511_gamma,gamma,167.93585
MEGAlib,9761,mono511_gamma,gamma,113.99728
MEGAlib,9775,mono511_gamma,gamma,271.54432
MEGAlib,9807,mono511_gamma,gamma,143.55217
MEGAlib,9808,mono511_gamma,gamma,211.0734
MEGAlib,9826,mono511_gamma,gamma,511.0
MEGAlib,9841,mono511_gamma,gamma,225.31078
MEGAlib,9844,mono511_gamma,gamma,91.75382
MEGAlib,9990,mono511_gamma,gamma,214.68335
MEGAlib,10010,mono511_gamma,gamma,143.1006
MEGAlib,10019,mono511_gamma,gamma,219.91794
MEGAlib,10039,mono511_gamma,gamma,511.0
MEGAlib,10080,mono511_gamma,gamma,347.36146
MEGAlib,10103,mono511_gamma,gamma,511.0
MEGAlib,10151,mono511_gamma,gamma,511.0
MEGAlib,10181,mono511_gamma,gamma,147.2598
MEGAlib,10185,mono511_gamma,gamma,230.7881
MEGAlib,10202,mono511_gamma,gamma,197.41562
MEGAlib,10228,mono511_gamma,gamma,319.06808
MEGAlib,10344,mono511_gamma,gamma,288.59305
MEGAlib,10355,mono511_gamma,gamma,44.39937
MEGAlib,10368,mono511_gamma,gamma,199.4921
MEGAlib,10384,mono511_gamma,gamma,187.21954
MEGAlib,10474,mono511_gamma,gamma,366.71005
MEGAlib,10526,mono511_gamma,gamma,209.82769
MEGAlib,10547,mono511_gamma,gamma,235.28152
MEGAlib,10560,mono511_gamma,gamma,511.0
MEGAlib,10600,mono511_gamma,gamma,222.28156
MEGAlib,10705,mono511_gamma,gamma,73.6438
MEGAlib,10724,mono511_gamma,gamma,511.0
MEGAlib,10756,mono511_gamma,gamma,181.09302
MEGAlib,10766,mono511_gamma,gamma,511.0
MEGAlib,10892,mono511_gamma,gamma,70.66254
MEGAlib,10955,mono511_gamma,gamma,70.23589
MEGAlib,10965,mono511_gamma,gamma,42.68329
MEGAlib,11087,mono511_gamma,gamma,229.02715
MEGAlib,11116,mono511_gamma,gamma,128.06475
MEGAlib,11155,mono511_gamma,gamma,158.01516
MEGAlib,11156,mono511_gamma,gamma,326.65075
MEGAlib,11183,mono511_gamma,gamma,83.50532
MEGAlib,11212,mono511_gamma,gamma,82.43983
MEGAlib,11259,mono511_gamma,gamma,286.21859
MEGAlib,11273,mono511_gamma,gamma,454.598
MEGAlib,11324,mono511_gamma,gamma,126.32924
MEGAlib,11343,mono511_gamma,gamma,207.05138
MEGAlib,11345,mono511_gamma,gamma,511.0
MEGAlib,11361,mono511_gamma,gamma,291.86757
MEGAlib,11387,mono511_gamma,gamma,363.76949
MEGAlib,11449,mono511_gamma,gamma,262.83629
MEGAlib,11506,mono511_gamma,gamma,260.98601
MEGAlib,11527,mono511_gamma,gamma,296.62123
MEGAlib,11537,mono511_gamma,gamma,318.07553
MEGAlib,11554,mono511_gamma,gamma,167.28641
MEGAlib,11643,mono511_gamma,gamma,162.57386
MEGAlib,11669,mono511_gamma,gamma,453.3142
MEGAlib,11684,mono511_gamma,gamma,303.55991
MEGAlib,11721,mono511_gamma,gamma,344.78249
MEGAlib,11793,mono511_gamma,gamma,335.24085
MEGAlib,11794,mono511_gamma,gamma,511.0
MEGAlib,11810,mono511_gamma,gamma,82.38387
MEGAlib,11834,mono511_gamma,gamma,377.60935
MEGAlib,11873,mono511_gamma,gamma,511.0
MEGAlib,11892,mono511_gamma,gamma,135.38362
MEGAlib,12021,mono511_gamma,gamma,102.01074
MEGAlib,12032,mono511_gamma,gamma,208.80107
MEGAlib,12034,mono511_gamma,gamma,256.40413
MEGAlib,12097,mono511_gamma,gamma,190.68066
MEGAlib,12098,mono511_gamma,gamma,183.39124
MEGAlib,12123,mono511_gamma,gamma,238.78216
MEGAlib,12189,mono511_gamma,gamma,355.78779
MEGAlib,12248,mono511_gamma,gamma,208.32549
MEGAlib,12260,mono511_gamma,gamma,458.54073
MEGAlib,12328,mono511_gamma,gamma,511.0
MEGAlib,12357,mono511_gamma,gamma,142.25085
MEGAlib,12434,mono511_gamma,gamma,511.0
MEGAlib,12449,mono511_gamma,gamma,278.75225
MEGAlib,12451,mono511_gamma,gamma,219.79565
MEGAlib,12481,mono511_gamma,gamma,345.23393
MEGAlib,12502,mono511_gamma,gamma,235.00033
MEGAlib,12553,mono511_gamma,gamma,7.19444
MEGAlib,12570,mono511_gamma,gamma,189.16979
MEGAlib,12631,mono511_gamma,gamma,203.80662
MEGAlib,12634,mono511_gamma,gamma,116.88465
MEGAlib,12705,mono511_gamma,gamma,319.94212
MEGAlib,12745,mono511_gamma,gamma,7.96425
MEGAlib,12746,mono511_gamma,gamma,511.0
MEGAlib,12758,mono511_gamma,gamma,511.0
MEGAlib,12828,mono511_gamma,gamma,498.37396
MEGAlib,12842,mono511_gamma,gamma,511.0
MEGAlib,12905,mono511_gamma,gamma,511.0
MEGAlib,12921,mono511_gamma,gamma,511.0
MEGAlib,12924,mono511_gamma,gamma,18.26369
MEGAlib,12974,mono511_gamma,gamma,173.93351
MEGAlib,13017,mono511_gamma,gamma,5.9626
MEGAlib,13039,mono511_gamma,gamma,321.82848
MEGAlib,13073,mono511_gamma,gamma,419.45167
MEGAlib,13192,mono511_gamma,gamma,362.76006
MEGAlib,13199,mono511_gamma,gamma,258.64729
MEGAlib,13200,mono511_gamma,gamma,222.86321
MEGAlib,13201,mono511_gamma,gamma,131.05147
MEGAlib,13218,mono511_gamma,gamma,198.36727
MEGAlib,13296,mono511_gamma,gamma,477.38234
MEGAlib,13373,mono511_gamma,gamma,243.16277
MEGAlib,13374,mono511_gamma,gamma,192.48865
MEGAlib,13398,mono511_gamma,gamma,182.06132
MEGAlib,13404,mono511_gamma,gamma,89.22069
MEGAlib,13419,mono511_gamma,gamma,112.41573
MEGAlib,13486,mono511_gamma,gamma,511.0
MEGAlib,13531,mono511_gamma,gamma,271.56516
MEGAlib,13559,mono511_gamma,gamma,164.8852
MEGAlib,13680,mono511_gamma,gamma,221.0755
MEGAlib,13706,mono511_gamma,gamma,283.19135
MEGAlib,13716,mono511_gamma,gamma,129.71904
MEGAlib,13757,mono511_gamma,gamma,398.8972
MEGAlib,13765,mono511_gamma,gamma,511.0
MEGAlib,13867,mono511_gamma,gamma,135.71685
MEGAlib,13885,mono511_gamma,gamma,274.49181
MEGAlib,13966,mono511_gamma,gamma,245.55824
MEGAlib,13990,mono511_gamma,gamma,448.0915
MEGAlib,14007,mono511_gamma,gamma,269.82132
MEGAlib,14026,mono511_gamma,gamma,511.0
MEGAlib,14072,mono511_gamma,gamma,189.03427
MEGAlib,14079,mono511_gamma,gamma,178.8199
MEGAlib,14119,mono511_gamma,gamma,362.70236
MEGAlib,14142,mono511_gamma,gamma,210.07948
MEGAlib,14219,mono511_gamma,gamma,511.0
MEGAlib,14382,mono511_gamma,gamma,252.99946
MEGAlib,14419,mono511_gamma,gamma,461.71448
MEGAlib,14453,mono511_gamma,gamma,116.85239
MEGAlib,14461,mono511_gamma,gamma,400.11697
MEGAlib,14473,mono511_gamma,gamma,130.08403
MEGAlib,14483,mono511_gamma,gamma,274.92889
MEGAlib,14531,mono511_gamma,gamma,179.65551
MEGAlib,14552,mono511_gamma,gamma,187.82832
MEGAlib,14570,mono511_gamma,gamma,131.05841
MEGAlib,14575,mono511_gamma,gamma,219.95218
MEGAlib,14595,mono511_gamma,gamma,511.0
MEGAlib,14613,mono511_gamma,gamma,511.0
MEGAlib,14665,mono511_gamma,gamma,361.30894
MEGAlib,14703,mono511_gamma,gamma,402.94818
MEGAlib,14722,mono511_gamma,gamma,198.81839
MEGAlib,14731,mono511_gamma,gamma,216.78076
MEGAlib,14743,mono511_gamma,gamma,443.8964
MEGAlib,14757,mono511_gamma,gamma,511.0
MEGAlib,14773,mono511_gamma,gamma,316.90925
MEGAlib,14787,mono511_gamma,gamma,203.01577
MEGAlib,14792,mono511_gamma,gamma,323.26477
MEGAlib,14861,mono511_gamma,gamma,203.4791
MEGAlib,14892,mono511_gamma,gamma,511.0
MEGAlib,14933,mono511_gamma,gamma,204.38992
MEGAlib,15001,mono511_gamma,gamma,290.07694
MEGAlib,15017,mono511_gamma,gamma,102.32372
MEGAlib,15059,mono511_gamma,gamma,298.57052
MEGAlib,15074,mono511_gamma,gamma,238.77276
MEGAlib,15098,mono511_gamma,gamma,511.0
MEGAlib,15164,mono511_gamma,gamma,256.69965
MEGAlib,15165,mono511_gamma,gamma,168.64572
MEGAlib,15183,mono511_gamma,gamma,108.01694
MEGAlib,15212,mono511_gamma,gamma,139.02221
MEGAlib,15282,mono511_gamma,gamma,226.15929
MEGAlib,15284,mono511_gamma,gamma,146.87654
MEGAlib,15329,mono511_gamma,gamma,148.52108
MEGAlib,15335,mono511_gamma,gamma,511.0
MEGAlib,15369,mono511_gamma,gamma,340.13976
MEGAlib,15382,mono511_gamma,gamma,331.17614
MEGAlib,15383,mono511_gamma,gamma,234.86453
MEGAlib,15421,mono511_gamma,gamma,165.53074
MEGAlib,15448,mono511_gamma,gamma,453.3142
MEGAlib,15461,mono511_gamma,gamma,282.65896
MEGAlib,15507,mono511_gamma,gamma,171.22551
MEGAlib,15550,mono511_gamma,gamma,185.65008
MEGAlib,15585,mono511_gamma,gamma,339.13884
MEGAlib,15689,mono511_gamma,gamma,102.23802
MEGAlib,15698,mono511_gamma,gamma,219.18788
MEGAlib,15733,mono511_gamma,gamma,222.29243
MEGAlib,15749,mono511_gamma,gamma,240.78708
MEGAlib,15773,mono511_gamma,gamma,219.31849
MEGAlib,15824,mono511_gamma,gamma,511.0
MEGAlib,15834,mono511_gamma,gamma,305.83403
MEGAlib,15839,mono511_gamma,gamma,511.0
MEGAlib,15879,mono511_gamma,gamma,140.67995
MEGAlib,15896,mono511_gamma,gamma,511.0
MEGAlib,15960,mono511_gamma,gamma,511.0
MEGAlib,16016,mono511_gamma,gamma,187.44704
MEGAlib,16048,mono511_gamma,gamma,108.75715
MEGAlib,16133,mono511_gamma,gamma,228.37039
MEGAlib,16167,mono511_gamma,gamma,511.0
MEGAlib,16198,mono511_gamma,gamma,511.0
MEGAlib,16219,mono511_gamma,gamma,141.66795
MEGAlib,16221,mono511_gamma,gamma,283.59481
MEGAlib,16330,mono511_gamma,gamma,167.54038
MEGAlib,16338,mono511_gamma,gamma,128.595
MEGAlib,16439,mono511_gamma,gamma,511.0
MEGAlib,16501,mono511_gamma,gamma,145.59309
MEGAlib,16563,mono511_gamma,gamma,428.94719
MEGAlib,16691,mono511_gamma,gamma,231.80063
MEGAlib,16840,mono511_gamma,gamma,184.21566
MEGAlib,16857,mono511_gamma,gamma,511.0
MEGAlib,16862,mono511_gamma,gamma,511.0
MEGAlib,16866,mono511_gamma,gamma,265.89516
MEGAlib,16893,mono511_gamma,gamma,324.17468
MEGAlib,16935,mono511_gamma,gamma,3.97475
MEGAlib,16993,mono511_gamma,gamma,186.34872
MEGAlib,16996,mono511_gamma,gamma,246.83254
MEGAlib,17036,mono511_gamma,gamma,194.68209
MEGAlib,17052,mono511_gamma,gamma,511.0
MEGAlib,17067,mono511_gamma,gamma,398.93833
MEGAlib,17083,mono511_gamma,gamma,511.0
MEGAlib,17104,mono511_gamma,gamma,511.0
MEGAlib,17110,mono511_gamma,gamma,83.7097
MEGAlib,17130,mono511_gamma,gamma,262.14971
MEGAlib,17134,mono511_gamma,gamma,385.17841
MEGAlib,17144,mono511_gamma,gamma,46.28955
MEGAlib,17148,mono511_gamma,gamma,478.57177
MEGAlib,17182,mono511_gamma,gamma,159.45611
MEGAlib,17198,mono511_gamma,gamma,511.0
MEGAlib,17221,mono511_gamma,gamma,345.47918
